{
  "project_info": {
    "project_number": "331382894846",
    "project_id": "signup-94290",
    "storage_bucket": "signup-94290.appspot.com"
  },
  "client": [
    {
      "client_info": {
        "mobilesdk_app_id": "1:331382894846:android:7768556d6dec0c4dcab5af",
        "android_client_info": {
          "package_name": "com.example.appy"
        }
      },
      "oauth_client": [
        {
          "client_id": "331382894846-0vf30d4pemcakln133a66tfdq7p1qh41.apps.googleusercontent.com",
          "client_type": 3
        }
      ],
      "api_key": [
        {
          "current_key": "AIzaSyBvtwon4Fztu3fyLzqAPt57GL5qPU3czh8"
        }
      ],
      "services": {
        "appinvite_service": {
          "other_platform_oauth_client": [
            {
              "client_id": "331382894846-0vf30d4pemcakln133a66tfdq7p1qh41.apps.googleusercontent.com",
              "client_type": 3
            }
          ]
        }
      }
    }
  ],
  "configuration_version": "1"
}